id,goal,acceptance,scope,status,evidence,verified_revision,verified_at
F001,勘察官方能力与生态占位：需求①自动命名与需求②工作区归档恢复是否已被实现,两需求各有明确判定（①红海/②空白）且逐条带出处与链接,docs/recon/;.recon/asar.mjs,done,docs/recon/README.md + 01 + 02 + 03 + 03b + 04,DSH 0.2.0-rc.2 (asar build 04f392c9),2026-10-02
F002,建立可被 DSH Desktop 装载的插件包骨架,plugin_manager 列表或侧栏 Plugins 页可见本插件且装载无错误; node --test 可跑通,package.json;cordis.patch.yml;src/index.js;tests/,done,仓库级 33 项通过; 组合层诊断通过（7 层全加载/0 跳过/195 条含本行）; **真机装载并运行**：13:56 重启后由应用自身写出 ledger（列 4 工作区）; **现场演示通过**：14:07 删目录→归档、14:08 还目录→恢复; 插件页目视可见性由用户确认,68bbe7f,2026-10-02
F003,目录存在性探测与 sidecar 台账（path→sessionIds）,删除临时工作区目录后 60-90 秒内判定 missing 并落盘台账; 台账能在失效 id 被 registry prune 之前写入,src/ledger.js;src/policy.js,done,仓库级 30 项 + 真机 14/14：真注册表建工作区/真会话→删目录→台账落盘且只记插件自己的账,.verify/real-machine.mjs @81234e3,81234e3,2026-10-02
F004,目录消失后自动归档该目录下由本插件登记的会话,会话进入已归档集合且默认视图隐藏; 运行中会话被拒时跳过而不是强停; 用户手动归档集合不被污染,src/index.js,done,真机 14/14：目录消失后官方归档集合含会话A；用户手动归档的B未被接管（首轮真机曾FAIL并据此修复）,81234e3,2026-10-02
F005,目录回归后按台账交集自动恢复会话,旧会话重新可见且可继续对话; 未被本插件归档的会话保持归档,src/index.js,done,真机 14/14：目录回归后A已恢复且B仍然归档；台账归档清单清空,81234e3,2026-10-02
F006,需求①接入决策（默认不复刻）,给出结论与证据：默认不实现; 如需接入只评估现成插件（如 @weibaohui/dsh-smart-title）的兼容性与启用方式,docs/;tasks.csv,todo,docs/recon/README.md §2,,
F007,把「删除工作区」（项目登记被移除、目录仍在）也当作消失信号并归档其会话,删除项目后其会话被归档（不再散成无项目）; 重新添加同一目录后自动恢复; 用户手动归档不受影响; 启动瞬态不误判,src/index.js;src/policy.js,done,仓库级 34 项; 真机 19/19（新增阶段5：registry.delete→归档、registry.create→恢复）; 启动瞬态保护有专门用例,.verify/real-machine.mjs,working tree @2026-10-02,2026-10-02
F008,反应模型改为事件驱动（domain/changed + fs.watch）与时间型确认,登记/目录变化后秒级反应; 确认窗口内抖动不误判; 事件漏报时有兜底轮询; watcher/report 失效不导致插件失败,src/index.js;src/policy.js;.verify/rm/cordis.yml,done,仓库级 39 项（事件入口/watcher/跟进对账各有用例）; 真机 19/19（事件驱动档 confirmDelayMs=0 整轮数秒）; 轮询从 60s 降到 300s 兜底,working tree @2026-10-02,2026-10-02
F009,恢复时把会话**挂回**同路径工作区（「删除工作区→重新添加同一目录」会新建空成员项目，只取消归档会让会话散成「无项目」）,恢复后会话出现在该工作区的分组里；路径对不上（目录被改名）时只记日志、不改数据,src/index.js;tests/engine.test.mjs;.verify/real-machine.mjs,done,按「先复现再修」：先加成员资格断言 → 真机与单测**都红**（`sessionIds:[]`）→ 再改为恢复后调官方 `Workspace.attachSession`（倒序前插以保持相对顺序、自带 cwd 校验、单条失败不影响其余）；修后真机 21/21、单元 39/39。起因：用户 2026-10-07 反馈「Rust 工作区里对话恢复了但没加回工作区」,working tree @2026-10-07,2026-10-07
F010,**已经处于归档状态**的成员也要随恢复回到分组（典型：用户自己手动归档的会话），但绝不改它的归档状态,恢复后归档会话出现在同路径工作区的分组里（「仅显示已归档」下可见）；其归档状态不变；平时（未经历消失 / 记录 id 未变）绝不下发挂回动作，用户手动移出工作区的成员不被塞回,src/policy.js;src/ledger.js;src/index.js;tests/engine.test.mjs;.verify/real-machine.mjs,done,判别性断言先红（单测 40/41；真机 FAIL「B 未挂回」）再修：policy 改为在「该工作区经历过一次消失」时下发独立 `attach` 动作（判据 = 台账 `missingSince` 非空 **或** 官方记录 id 与台账记下的不同），名单 = 台账快照里缺席的成员，只调 `attachSession`、绝不碰归档集合；另补「平时不重挂」的反例断言。修后真机 **22/22**、单元 **41/41**。起因：用户 2026-10-07 第二轮反馈「原本已经归档的对话不会同时归回对应的工作区」,working tree @2026-10-07,2026-10-07
F011,公开前准备与 GitHub 上传（脱敏 + 历史改写 + MIT/双语文档 + 建仓推送 + 回读核验）,隐私检查只剩工具自身 1 项已知误报；全部历史里本机路径/用户名/旧私人邮箱均为 0 处；远端与本地一致,.privacy-tools/;LICENSE;README.md;README.zh-CN.md;MAINTAINER.md;docs/recon/;AGENTS.md,done,本仓库署名设为 noreply；`.privacy-tools/` 装入脚本+规则+Hook 模板（Hook 未启用）；文档/脚本/测试夹具脱敏（映射表在仓库外）；按「泄露后的处理与验证」改写全部本地历史（bundle 备份 → 受控副本 filter-branch → 回收 → 清旧对象），改写后 HEAD tree 与改写前逐字节一致、旧编号已不可解析；`gh repo create` + 首次推送；远端回读 public/main/MIT/14 提交/HEAD 一致/noreply。记录见 .privacy-tools/VERIFICATION.md,main @2026-10-07,2026-10-07
F012,记录两条"看着该做但做不到"的能力边界：跨工作区迁移会话 / 一工作区多文件夹（用户 2026-10-08 决定暂不做代码，只留依据）,边界逐条有源码出处（`包/文件:行号`）；标明档位（契约已核实 vs 已实测）；给出若要做各条路线的代价与生态先占者,docs/recon/05-migration-and-multi-folder.md;docs/recon/README.md;AGENTS.md,done,契约级核实（🟡 未实测）：①迁移——`attachSession` 要求 `cwd===record.path`（dsh-workspace/lib/index.js:111-129）、`insertSessionBefore` 只组内排序（:130-147）、官方拖拽只能同组（dsh-client-ui-workspace/lib/client.js:2545-2546）、`fork` 落回源工作区（dsh-api-session-controller/lib/types/commands.js:519-531）⇒ 唯一路径是直写 sessions/ 的 header cwd，与本插件红线冲突，且生态已有 dsh-mv-session；②多文件夹——官方策略单根（dsh-sandbox/lib/types/index.d.ts:27-31、lib/index.js:166-173、dsh-sandbox-policy/lib/index.js:141-148）+ ACP 明文拒绝 additionalDirectories（dsh-acp/lib/index.js:1412），生态靠第三方 @chaoset/sandbox-extra-roots。另附可用官方子集"无项目→按 cwd 归位"（未实施）,main @2026-10-08,2026-10-08
F013,T0「无项目 → 按 cwd 归位」：把未分组、且 cwd 精确等于某已登记工作区路径的会话用官方 attachSession 挂回去,未分组且 cwd 精确等值的会话被自动挂回；cwd 无对应工作区的会话不被塞进任何组；只挂一次不重复；不新增工作区记录；dryRun 下只记日志,src/adopt.js;src/index.js;tests/adopt.test.mjs;tests/smoke.test.mjs;.verify/real-machine.mjs,done,数据源全官方只读（ctx.sessionPersistence.list() 的 header.cwd + workspaceRegistry.list()），不解 zstd、不读 sessions/ 文件；判据收紧为"不在任何成员表 + realpath(cwd) 精确相等 + cwd 可解析"，按 createdAt 升序下发（attachSession 前插）；配置 adoptUngrouped 默认 true、adoptDelayMs 默认 5000，只在启动后跑一次。证据：单元 **48/48**（新增 tests/adopt.test.mjs 7 项）；真机 **27/27**（新阶段 1b 备料 + 阶段 6 断言），且**先红后绿**——临时 adoptUngrouped:false 跑出 FAIL T0 归位（26/27），还原后 27/27。计划与 T1 结论见 docs/plan-session-migration.md,main @2026-10-08,2026-10-08
F014,T1 真迁移（跨组会话迁移：离线改写会话 header 的 cwd + 官方 attach 挂到目标工作区）,含预检（DSH 未运行、备份）、只改第 0 帧的帧安全改写、按代际推导 logName、跨盘 copy 回退、意图 sidecar、启动时官方 attach（归档态用官方 archiveSession 保持）、可回滚；真机装置跨 cwd 场景先红后绿,docs/plan-session-migration.md;docs/recon/05-migration-and-multi-folder.md,todo,用户 2026-10-08 放行"离线直写会话 header"。前置评估完成（T1-0，源码级）：生态先占者 birdmanhj/dsh-mv-session（MIT/npm 0.1.2）**不可直接用**——硬编码代际 0 文件名 `session.jsonl.zstd`（本机 22/22 是 session.v4.jsonl.zstd ⇒ fail-closed）、且语义是"整工作区改名"而非"单会话进现有组"；只借鉴其帧层纯函数（scanZstdFrames/rewriteHeaderCwd/verifyMigratedLog/preflightLogs 思路/createZstd 的 native checksum 分支）。新增约束：logName 必须按 sessionFormatLogFilename(version) 推导；projcache 身份需 5 字段（缺 formatVersion 永远不匹配）⇒ 停机窗口内按 5 字段更新或删记录，否则大会话冷读全量重放。落点建议独立工具（避免破坏本插件"只走官方 API + 零依赖"）。待勘察 5 项见计划 §2.4,未开工,2026-10-08
